program,year,rtscore,IMDB,label,premise,url,seasons,episodes,network,notes,actors,viewpilot,viewseason1average,viewseason1finale,viewaverage,viewfinale
How to Be a Gentleman,2011,27,4.7,fail,"Andrew Carlson (David Hornsby) has so immersed himself in his weekly etiquette column that he seems to have lost touch with modern society. After his boss threatens his job if he doesn't spice up the column, Andrew decides to hire a life coach. Lucky for him his past holds the perfect person, Bert Lansing (Kevin Dillon), a fitness trainer whose loud and sloppy behaviour will surely help balance him out. The two may just find the arrangement will make them both better men. The programme is inspired by the book of the same name.",https://www.springfieldspringfield.co.uk/view_episode_scripts.php?tv-show=how-to-be-a-gentleman-2011&episode=s01e01,1,9,cbs,,,8.98,3.1,1.56,3.1,1.56
Accidentally on Purpose,2009,30,6.3,fail,"Billie, a newspaper film critic, has a one-night stand with a much younger man after a humiliating breakup with her charming boss. When she finds herself pregnant, she decides to keep both the baby and the guy, not realizing what chaos her younger boy toy will introduce into her life. When she and Zack decide to live together platonically, Zack's freeloading friends turn her home into a frat house.",https://www.springfieldspringfield.co.uk/view_episode_scripts.php?tv-show=accidentally-on-purpose&episode=s01e01,1,18,cbs,"show was in primetime spot (after HIMYM) for first 15 episodes and averaged 8.23 mil, cbs tested it by moving it to less prime timeslot for last 3 episodes, and last 3 episodes averaged 5.5 mil viewers",,8.91,7.8,5.22,7.8,5.22
Imaginary Mary,2017,25,5.5,fail,"Up until recently, fiercely independent Alice spent her life with a laser focus on advancing her career. All of that goes out the window when she meets Ben and he -- along with his three children -- gets her to reconsider her long-held priorities. Her life in upheaval, things get even more disconcerting when Mary, the mentally unbalanced imaginary friend she played with as a child, returns and tries to help her with the transition from a single girl to a family woman. Rachel Dratch provides the voice for Mary.",https://www.springfieldspringfield.co.uk/view_episode_scripts.php?tv-show=imaginary-mary-2017&episode=s01e01,1,6,abc,3 additional episodes unaired,rachel dratch,5.39,3.15,2.13,3.15,2.13
Rush Hour,2016,23,5.7,fail,"The popular ""Rush Hour"" feature-film franchise is reimagined as a buddy-cop TV drama starring an unlikely team of crime fighters. Jon Foo stars as Detective Lee, a reserved master martial artist from Hong Kong who comes to Los Angeles to investigate his sister's supposed death -- and to look into her connection to a Chinese organized crime ring. Lee is partnered with Detective Carter (Justin Hires), a wisecracking cop who has always preferred to work solo. As tempers flare and cultures and personalities clash, Sgt. Didi Diaz (Aimee Garcia), Carter's friend and former partner, tries to help the two get along -- and realize that they make a formidable team.",https://www.springfieldspringfield.co.uk/view_episode_scripts.php?tv-show=rush-hour-2016&episode=s01e01,1,13,cbs,based on movie of same name,,5.06,3.47,1.61,3.47,1.61
Bad Judge,2014,20,5.9,fail,"Rebecca Wright parties hard, rocks out as the drummer in a band with her best friend and presides over court in Los Angeles as one of the toughest and most-respected --if unorthodox -- criminal court judges in town. While being well-established in her professional life, her wild-child lifestyle has left her untethered in her personal life, despite a bevy of male admirers. But when an 8-year-old whose parents she sentenced shows up needing her help, he seems poised to be the guy who finally ties Rebecca down.",https://www.springfieldspringfield.co.uk/view_episode_scripts.php?tv-show=bad-judge-2014&episode=s01e01,1,13,nbc,inspired by chelsea handler's book,chelsea handler,5.84,3.81,2.86,3.81,2.86
"Are You There, Chelsea?",2012,18,5,fail,"Inspired by comic Chelsea Handler's book ""Are You There Vodka? It's Me, Chelsea,"" this sitcom features Chelsea (Laura Prepon), a strong-willed bartender in her twenties who takes life by the horns and doesn't apologize for it. She is joined by co-workers and friends who realize she is a force to be reckoned with. Chelsea shares her apartment with shy and sheltered Dee Dee. Handler herself has a recurring role as Chelsea's sister, Sloan, a new mom who shares little in common with her carefree sister.",https://www.springfieldspringfield.co.uk/view_episode_scripts.php?tv-show=are-you-there-chelsea-2011&episode=s01e01,1,12,nbc,,,6.18,3.76,3.08,3.76,3.08
Animal Practice,2012,17,5.7,fail,"Dr George Coleman's gift with animals has made him one of New York's top vets, despite his unorthodox style of practicing and his lack of charm when it comes to people. Things are shaken up at the animal hospital where he works when his ex-girlfriend takes over the family business. Despite the fact that she is smart and ambitious, old relationship issues and her lack of experience with animals really start to cramp George's style, and he resists any change to the status quo. George also works with Dr Yamamoto and Dr Doug Jackson, a talented vet who is unlucky in love.",https://www.springfieldspringfield.co.uk/view_episode_scripts.php?tv-show=animal-practice-2012&episode=s01e01,1,9,nbc,pilot aired after summer olympics (primetime airing),,12.8,4.22,3.68,4.22,3.68
Mulaney,2014,17,4.2,fail,"John Mulaney, a stand-up comic searching for his big break, experiences drastic life changes when narcissistic comedy legend and game-show host Lou Cannon hires him as a writer. While the job is everything John was searching for, Lou proves to be a nightmare to work for. John must handle the stress of his new job and the guilt he feels over not being able to be there for his best friends and roommates, a tightly wound personal trainer named Jane, and Motif, a powerhouse comic. Rounding out the people in John's life are Andre, a trust-fund baby who seems to show up at the worst possible moments, and his neighbor Oscar, who often serves as an oracle of sound advice.",https://www.springfieldspringfield.co.uk/view_episode_scripts.php?tv-show=mulaney-2014&episode=s01e01,1,13,fox,,,2.3,1.74,1.14,1.74,1.14
In the Motherhood,2009,17,6,fail,"Often married but currently single, Rosemary is a free spirit whose nontraditional parenting style somehow has produced a son who is stable and responsible. Her recently divorced best friend, Jane, relies heavily on her kooky ""manny,"" Horatio, to help raise her adolescent daughter, Annie, and baby, Sophie, now that Jane has returned to work. Emily, on the other hand, is an overachieving full-time mom whose home is a work of art and whose husband, Jason, is a selfless, sensitive New Age guy who wants his family to have, and be, the best.",https://www.springfieldspringfield.co.uk/view_episode_scripts.php?tv-show=in-the-motherhood-2009&episode=s01e01,1,5,abc,"launched from web-series, 2 additional episodes unaired",chelsea handler,6.69,4.73,2.69,4.73,2.69
Truth Be Told,2015,13,6,fail,"Nothing is off the table when it comes to the topics of conversation between these two couples who are also best friends and neighbors. The four pals can't help but analyze and obsess over every subject under the sun, using one another as sounding boards for their thoughts. From hot-button topics like sex and race to speculation over whether the trusted new baby sitter has engaged in pornographic extracurricular activities, nothing is too taboo for this diverse and incredibly outspoken foursome.",https://www.springfieldspringfield.co.uk/view_episode_scripts.php?tv-show=truth-be-told-2015&episode=s01e01,1,10,nbc,,,2.58,2.14,1.67,2.14,1.67
Rob,2012,11,5.5,fail,"""Saturday Night Live"" alumnus Rob Schneider stars as Rob, a lifelong bachelor who finally gets married, into a tight-knit Mexican-American family. Rob's wife, Maggie -- a book translator who's way out of his league -- must break the news to her overprotective, judgmental parents after she and Rob elope in Las Vegas following a whirlwind romance. Shocked by the news, Maggie's family is skeptical of her choice of husband -- with the exception of the family's black sheep, Maggie's Uncle Hector, who immediately declares himself Rob's best friend. On his end, Rob wants to eventually win over his in-laws and live happily ever after with his wife.",https://www.springfieldspringfield.co.uk/view_episode_scripts.php?tv-show=rob-2012&episode=s01e01,1,8,cbs,"good numbers, cbs had plenty of other sitcoms at the time though",rob schneider,13.47,11.02,8.99,11.02,8.99
I Hate My Teenage Daughter,2011,10,5.2,fail,"Best friends and single mothers Annie (Jaime Pressly) and Nikki (Katie Finneran) were high school outcasts who have gone out of their ways to give their daughters what they felt they lacked. Proving no good deed goes unpunished, all the freedom and clothes they have bestowed on the girls has turned them into exactly the kind of girls who made the mothers' teen years difficult. The women lean on each other and their exes, whose involvement sometimes makes the situation more difficult, as they try to make things right and straighten their girls out.",https://www.springfieldspringfield.co.uk/view_episode_scripts.php?tv-show=i-hate-my-teenage-daughter&episode=s01e01,1,7,fox,6 additional unaired episodes in US,,6.8,4.75,2.92,4.75,2.92
Allen Gregory,2011,12,4.3,fail,"Pretentious 7-year-old Allen Gregory De Longpre (Jonah Hill) doesn't see himself as a child but as an intelligent and worldly young man. He lives in a loft -- with his father, Richard, Richard's partner Jeremy, and his adopted Cambodian sister, Julie -- where his father has home-schooled him. But now, Allen Gregory must leave the nest to attend elementary school and deal with the challenges of relating to kids his own age and teachers who don't understand that he is more than the child he appears to be.",https://www.springfieldspringfield.co.uk/view_episode_scripts.php?tv-show=allen-gregory-2011&episode=s01e01,1,7,fox,animated,jonah hill,4.7,4.16,3.38,4.16,3.38
Hank,2009,8,4.3,fail,"Hank Pryor is a titan of the retail sports world, living the high life in New York -- until he suddenly finds himself out of work, nearly out of money, and spending most of his time with a wife and kids he barely knows. They move the family back to his wife's home town, where Hank is eager to relaunch his career. His wife is less than thrilled with the move, his kids are disdainful, and his brother-in-law seems to delight in Hank's misfortunes, but Hank is not cowed. Despite his setbacks, Hank is confident that his lot will improve -- but the reality of his future may not resemble anything he imagines.",https://www.springfieldspringfield.co.uk/view_episode_scripts.php?tv-show=hank-2009&episode=s01e01,1,5,abc,5 additional unaired,kelsey grammar,8.34,6.36,5.09,6.36,5.09
Work It,2012,5,3.2,fail,"Two unemployed friends decide the only way to find work in the poor economic climate is to pose as women. When Lee (Ben Koldyke) and Angel (Amaury Nolasco) land jobs in pharmaceutical sales, they soon discover that the differences between men and women go deeper than high heels and body shaping undergarments. The two are determined to keep up the ruse -- and their jobs -- however they can, and may just end up better men for it. They just have to keep the secrets from their co-workers and in Lee's case, his wife and teenage daughter.",https://www.springfieldspringfield.co.uk/view_episode_scripts.php?tv-show=work-it-2012&episode=s01e01,1,2,abc,11 additional episodes  unaired,,6.1,5.6,5.1,5.6,5.1
We Are Men,2013,4,5.6,fail,"When Carter Thomas moves into a short-term apartment complex after being left at the altar, he befriends three older single guys, who counsel him about getting on with life and back into the dating scene -- although they aren't the best people to be giving advice about women. Frank Russo has been divorced four times but still considers himself a ladies' man; Gil Bartis was busted having an affair; and Stuart Weber is in the middle of his second divorce. They may be unlucky in love, but at least, they have each other -- and pool-side barbecues.",https://www.springfieldspringfield.co.uk/view_episode_scripts.php?tv-show=we-are-men&episode=s01e01,1,2,cbs,11 additional unaired,,6.61,6.01,5.41,6.01,5.41
The Paul Reiser Show,2011,5,3.5,fail,"Former ""Mad About You"" star Paul Reiser returns to NBC in this self-titled comedy series. Reiser plays himself as the show highlights the quiet life he has experienced since his previous hit show went off the air. In his quest to figure out what he should do next in his life, Paul is assisted by his new ""friends,"" the husbands of his wife's friends. The men, thrown together by circumstance, form an unlikely comradeship.",https://www.springfieldspringfield.co.uk/view_episode_scripts.php?tv-show=the-paul-reiser-show-2011&episode=s01e01,1,2,nbc,5 additional unaired,,3.37,2.86,2.34,2.86,2.34
Emily's Reasons Why Not,2006,0,4.9,fail,"This series, based on a novel by Carrie Gerlach, features Emily Sanders (Heather Graham), a successful young woman with terrific taste, great friends and a fabulous job as an author of self-help books. But the self-help guru may need help with her own love life. After breaking up with her most recent boyfriend, Emily institutes a set of self-imposed guidelines, referred to as the ""Reasons Why Not."" What are those guidelines? If Emily, with the help of her friends, can come up with just five reasons why she should break up with a beau, she does.",https://www.springfieldspringfield.co.uk/view_episode_scripts.php?tv-show=emilys-reasons-why-not-2006&episode=s01e01,1,1,abc,6 additional episodes unaired,heather graham,6.2,6.2,6.2,6.2,6.2
Angel From Hell,2016,41,6.2,fail,"Intense and driven, Allison writes off the seemingly inebriated nut who pops into her life claiming to be her guardian angel right away, but when all of Amy's warnings come true, she's forced to reconsider her stance. Warned by Amy not to tell anyone about her, Allison is unable to talk about the situation with her father and business partner, Marv, or her younger brother, Brad. Unable to resist the strange woman's insistence that she will nudge her in the right direction in life, a reluctant Allison agrees to the friendship which, in the end, may turn out to be exactly what the doctor ordered.",https://www.springfieldspringfield.co.uk/view_episode_scripts.php?tv-show=angel-from-hell-2016&episode=s01e01,1,13,cbs,,,8.13,3.76,1.57,3.76,1.57
Saint George,2014,33,4.5,fail,"Recently divorced entrepreneur George Lopez is successful in his business ventures but caught between two cultures in his personal life. He struggles to find balance between the parenting demands of his Anglo ex-wife, Mackenzie, and the cultural expectations of his Latina mother, Alma. His freeloading Uncle Tio and Cousin Junior further complicate his life, which includes 11-year-old son Harper. Outside the home, the successful businessman gives back to the community by teaching history to a multicultural class at a Los Angeles night school; there he is supervised by tough, attractive Assistant Principal Concepcion.",https://www.springfieldspringfield.co.uk/view_episode_scripts.php?tv-show=saint-george-2014&episode=s01e01,1,10,fx,,george lopez,1.21,0.75,0.65,0.75,0.65
Crowded,2015,32,6.4,fail,"After 20 years in the roles of mom and dad, Mike and Martina have the house to themselves again and are cutting loose and becoming reaquainted their wild sides. Events quickly make it clear that the freewheeling lifestyle will have to go back to being a fantasy -- at least for a while -- when their two adult daughters unexpectedly move back in. To make matters worse, Mike's parents cancel their plans to live out their golden years in Florida. Mike and Martina find themselves with a full house again, having to readjust to living their lives around others after their brief and intoxicating taste of well-earned freedom.",https://www.springfieldspringfield.co.uk/view_episode_scripts.php?tv-show=crowded-2015&episode=s01e00,1,13,nbc,,,6.51,3.82,2.12,3.82,2.12
That '80s Show,2002,0,4.8,fail,"A group of 20-somethings navigates through San Diego in the midst of the trends and politics of the 1980s. Stereotypically, the punks, the material girls, the yuppies and the Madonna wannabes all hang together and find reasons to frequent a record store run by a former groupie. Regular characters on the show include struggling musician Corey Howard, punk-rocker June Tuesday and Corey's father, R.T., who is representative of the decade's mentality of buying oneself extravagant gifts and having an excessive lifestyle.",https://www.springfieldspringfield.co.uk/view_episode_scripts.php?tv-show=that-80s-show-2002&episode=s01e01,1,13,fox,,,11.4,6.8,5.1,6.8,5.1
Charlie's Angels,2011,0,4.4,fail,"The show that ushered in the phrase ""jiggle TV"" features three beautiful police academy-trained private detectives whose cases always seem to require that they don bikinis, evening gowns or other sexy clothing. The unseen Charlie relays instructions via speakerphone.",https://www.springfieldspringfield.co.uk/view_episode_scripts.php?tv-show=charlies-angels&episode=s01e01,1,7,abc,"1 additional unaired, remake",,8.76,6.24,5.1,6.24,5.1
Bleep My Dad Says,2010,0,6.3,fail,"Legendary actor William Shatner stars in this comedy series based on a popular Twitter feed. Shatner plays Ed Goodson, a forthright father who is not afraid to express his opinions, regardless of how politically incorrect they may be. Ed's sons are no strangers to their father's rants. When one of his sons, struggling writer-blogger Henry, can no longer pay his rent, Ed invites Henry to move into his house, making Henry his captive audience.",https://www.springfieldspringfield.co.uk/view_episode_scripts.php?tv-show=my-dad-says&episode=s01e01,1,18,cbs,,william shatner,12.6,10.32,9.7,10.32,9.7
1600 Penn,2012,42,5.7,fail,"The Gilchrists struggle with everyday problems -- with one big difference, their head of household is also the leader of the free world. Between entertaining foreign dignitaries, holding secret Cabinet meetings and dealing with emergencies, the president's family must also face everyday issues like a grown son moving in and becoming one of the administration's biggest liabilities. Teenagers who are too smart for their own good and a stepmother who struggles to connect with the children add to the mix. Despite their extraordinary setting, the Gilchrists prove that, at the end of the day, people are just people.",https://www.springfieldspringfield.co.uk/view_episode_scripts.php?tv-show=1600-penn&episode=s01e01,1,13,nbc,,Bill Pullman,6.88,2.48,1.91,2.48,1.91
Napoleon Dynamite,2012,25,6.4,fail,"Fans of the hit movie of the same name will be glad to see Napoleon Dynamite (Jon Heder) and his weird family and friends are back, this time in a weekly animated series. Napoleon is a 16-year-old who believes he is destined for greatness, although most people around him can't see why. He lives with his unemployed 32-year-old brother at his grandmother's house in rural Idaho. His friends, Pedro and Deb, are the faithful type, who see past Napoleon's strangeness and stand by his side through it all.",https://www.springfieldspringfield.co.uk/view_episode_scripts.php?tv-show=napoleon-dynamite-2011&episode=s01e01,1,6,fox,animated,,9.5,5.56,4.05,5.56,4.05
Kath & Kim,2008,21,4.9,fail,"The hit Australian sitcom about a comically dysfunctional suburban woman and her daughter picks up an American accent in this remake starring ""Saturday Night Live"" alumna Molly Shannon and Selma Blair. Kath Day (Shannon) is a 40-something divorcee, who owns a home salon business, looking for a new romance in the form of sandwich-shop owner Phil Knight (John Michael Higgins), while daughter Kim is a spoiled princess who is reeling from her recent separation from her husband of six weeks, Craig.",https://www.springfieldspringfield.co.uk/view_episode_scripts.php?tv-show=kath-and-kim-2008&episode=s01e01,1,17,nbc,remake of Australian show of same name,"Molly Shannon, Selma Blair",7.5,5.07,4,5.07,4
Modern Family,2009,86,8.4,success,"Told from the perspective of an unseen documentary filmmaker, the series offers an honest, often-hilarious perspective of family life. Parents Phil and Claire yearn for an honest, open relationship with their three kids. But a daughter who is trying to grow up too fast, another who is too smart for her own good, and a rambunctious young son make it challenging. Claire's dad, Jay, and his Latina wife, Gloria, are raising two sons together, but people sometimes believe Jay to be Gloria's father. Jay's gay son, Mitchell, and his partner, Cameron, have adopted a little Asian girl, completing one big -- straight, gay, multicultural, traditional -- happy family.",https://www.springfieldspringfield.co.uk/view_episode_scripts.php?tv-show=modern-family&episode=s01e01,11,238,abc,still airing (final season),,12.6,9.49,10.1,10.23,TBD
The Big Bang Theory,2007,81,8.1,success,"Mensa-fied best friends and roommates Leonard and Sheldon, physicists who work at the California Institute of Technology, may be able to tell everybody more than they want to know about quantum physics, but getting through most basic social situations, especially ones involving women, totally baffles them. How lucky, then, that babe-alicious waitress/aspiring actress Penny moves in next door. Frequently seen hanging out with Leonard and Sheldon are friends and fellow Caltech scientists Wolowitz and Koothrappali. Will worlds collide? Does Einstein theorize in the woods?",https://www.springfieldspringfield.co.uk/view_episode_scripts.php?tv-show=big-bang-theory&episode=s01e01,12,279,cbs,,,9.5,8.44,7.3,17.31,18.5
Two and a Half Men,2003,63,7,success,"Chiropractor and single father Alan Harper lives in a beachfront house with divorced Internet billionaire Walden Schmidt, who bought the house following the untimely death of Alan's brother, Charlie. As they acclimate to their living arrangement, the tightly wound Alan finds himself taking on a mentor role with Walden, whose lifelong dependence on being taken care of has left him a bit naive. Despite his unsuccessful romantic history, Alan also tries to help Walden overcome his limited experiences with dating. Berta, a sharp-tongued, unapologetic housekeeper, is also featured in the series.",https://www.springfieldspringfield.co.uk/view_episode_scripts.php?tv-show=two-and-a-half-men&episode=s01e01,12,262,cbs,"after season 7, charlie sheen was replaced by ashton kutcher","ashton kutcher, charlie sheen",18.4,15.31,18.2,14.07,13.5
How I Met Your Mother,2005,83,8.3,success,"Ted has fallen in love. It all started when his best friend, Marshall, drops the bombshell that he plans to propose to longtime girlfriend Lily, a kindergarten teacher. Suddenly, Ted realizes that he had better get a move on if he hopes to find true love. Helping him in the quest is Barney, a friend with endless -- often outrageous -- opinions, a penchant for suits and a foolproof way to meet women. When Ted meets Robin, he is sure it's love at first sight, but the affair fizzles into friendship. Voice-over by Bob Saget (""Full House"") tells the story through flashbacks.",https://www.springfieldspringfield.co.uk/view_episode_scripts.php?tv-show=how-i-met-your-mother&episode=s01e01,9,208,cbs,,,10.9,9.47,8.6,9.18,13.13
Malcolm in the Middle,2000,93,8,success,"The Cleavers they ain't. Mom is a screaming control freak, Dad is a goofy human hairball, oldest son Francis escaped the family at a young age, Reese is just criminal, Dewey is a space cadet and young Jamie is the scapegoat. The middle kid, Malcolm (who delivers the narrative for the capers of this whacked-out clan) is a brainiac who doesn't want to be burdened by his genius.",https://www.springfieldspringfield.co.uk/view_episode_scripts.php?tv-show=malcolm-in-the-middle&episode=s01e01,7,151,fox,,,22.4,15.2,13.9,10.17,7.4
The Good Place,2016,96,8.1,success,"When Eleanor Shellstrop finds herself in the afterlife, she's both relieved and surprised that she's made it into the Good Place. But it doesn't take long for Eleanor to realize she's there by mistake. She hides in plain sight from the Good Place's architect, Michael, and his all-knowing assistant, Janet. Her seemingly perfect neighbors, Tahani and Jason, and open-hearted soul mate, Chidi, help her realize that it's never too late to change. With the help of her new friends -- and a few enemies -- Eleanor becomes determined to shed her old way of life in hopes of discovering a new one in the afterlife.",https://www.springfieldspringfield.co.uk/view_episode_scripts.php?tv-show=the-good-place-2016&episode=s01e01,4,46,nbc,still airing (final season),kirsten bell,8.04,5.72,3.93,5.36,TBD
That '70s Show,1998,86,8.1,success,"Set in the mood ring and polyester era of the 1970s, the programme is a retro-hip situation comedy about an eclectic group of friends on the verge of adulthood. The group live in the suburbs of Wisconsin, where they yearn for independence amid the growing pains of becoming adults.",https://www.springfieldspringfield.co.uk/view_episode_scripts.php?tv-show=that-70s-show&episode=s01e01,8,200,fox,,,,11.7,,9.23,
Parks and Recreation,2009,92,8.6,success,"Leslie Knope, a midlevel bureaucrat in an Indiana Parks and Recreation Department, hopes to beautify her town (and boost her own career) by helping local nurse Ann Perkins turn an abandoned construction site into a community park, but what should be a fairly simple project is stymied at every turn by oafish bureaucrats, selfish neighbours, governmental red tape and a myriad of other challenges. Leslie's colleague Tom Haverford, who delights in exploiting his position for personal gain, is as likely to undermine her efforts as to help her, while her boss, Ron Swanson, is adamantly opposed to government in any form, even though he's a bureaucrat himself.",https://www.springfieldspringfield.co.uk/view_episode_scripts.php?tv-show=parks-and-recreation&episode=s01e01,7,125,nbc,,amy poehler,6.77,6,4.25,4.64,4.15
New Girl,2011,94,7.7,success,"After going through a rough breakup, awkward and upbeat Jess (Zooey Deschanel) moves in with three single guys. Intelligent and witty Nick is an underachiever who took the bartender off-ramp on his road to success. Schmidt obsesses over his social standing and looks at Jess as a personal project. Winston is a competitive former athlete who, after realizing he will never become a pro, moves into the loft. Together with Jess' best friend, Cece, they bond to form an unlikely, and dysfunctional, family.",https://www.springfieldspringfield.co.uk/view_episode_scripts.php?tv-show=new-girl&episode=s01e01,7,146,fox,,zooey deschanel,10.28,8.1,5.61,4.42,1.47
The Middle,2009,91,7.5,success,"In the Heck family, middle-age, middle-class, middle-America mom Frankie Heck (two-time Emmy winner Patricia Heaton) uses a sense of humor to try to steer her family through life's ups and downs as she tackles her career goals. Her unflappable husband, Mike (Neil Flynn), is a manager at the local quarry. Oldest son Axl is an obstinate young man; awkward daughter Sue cannot seem to find her niche -- despite much enthusiasm in her attempts -- and youngest son Brick is an unusual child whose best friend is his backpack.",https://www.springfieldspringfield.co.uk/view_episode_scripts.php?tv-show=the-middle&episode=s01e01,9,215,abc,,,8.71,6.69,7.55,7.63,7.09
30 Rock,2006,81,8.2,success,"Based more-than-loosely on backstage shenanigans at `Saturday Night Live', `30 Rock' centres on young Liz Lemon, currently head writer for a live sketch-comedy show in New York. Complications follow when the network's new president orders Liz to hire mentally unstable movie star Tracy Jordan to join the cast, throwing neurotic leading lady (and Liz's best friend) Jenna Maroney into a tizzy. Liz tries to juggle all the egos around her while trying to chase her own dream.",https://www.springfieldspringfield.co.uk/view_episode_scripts.php?tv-show=30-rock&episode=s01e01,7,138,nbc,,"tina fey, alec baldwin, tracey morgan",8.1,5.8,4.7,5.75,4.88
Broad City,2014,99,8.4,success,"The critically acclaimed Web series `Broad City' moves to Comedy Central as a half-hour scripted series. It's created by and stars Abbi Jacobson and Ilana Glazer as 20-something best friends who are trying to navigate life in New York, despite that their adventures always seem to lead down unexpected and bizarre paths. They have very little money, but they are survivors who aren't afraid to throw themselves into sticky situations, no matter how messy the end results may be. Jacobson and Glazer both honed their comedy chops at New York's Upright Citizens Brigade Theater. UCB co-founder Amy Poehler is an executive producer on the series and joins Fred Armisen, Rachel Dratch, Janeane Garofalo, Michelle Hurst, Jason Mantzoukas and Amy Sedaris, among others, as guest stars.",https://www.springfieldspringfield.co.uk/view_episode_scripts.php?tv-show=broad-city-2014&episode=s01e01,5,50,cc,,hannibal burress,0.9,0.856,0.8,0.622,0.3
Scrubs,2001,84,8.3,success,"A new group of medical students arrives to learn the ropes at Sacred Heart Hospital, where J.D., Turk, Kelso, and acerbic Dr Cox are their instructors. J.D. continues to romance Elliot as he imparts wisdom to a new class, which includes Lucy, Drew, Cole and Maya.",https://www.springfieldspringfield.co.uk/view_episode_scripts.php?tv-show=scrubs&episode=s01e01,9,182,nbc,,,15.4,11.2,11.6,8.1,3.45
Community,2009,88,8.5,success,"When fast-talking lawyer Jeff Winger (Joel McHale) finds his degree has been revoked, he is forced to go back to school at Greendale Community College. Hoping to score points with a pretty coed, he invents a study group and invites her to join it. Imagine his surprise when she's not the only one who shows up for help with Spanish from the ""board-certified tutor"" he proclaims himself to be. Though his command of the language is anything but good, the members continue to meet and end up learning a lot about themselves.",https://www.springfieldspringfield.co.uk/view_episode_scripts.php?tv-show=community&episode=s01e01,6,110,nbc,,chevy chase,7.89,5,4.41,4.01,2.87
Black-ish,2014,91,7.1,success,"Dre Johnson (Anthony Anderson) has it all - a great job, beautiful wife Rainbow (Tracee Ellis Ross), four kids and a big home in a classy neighbourhood - but as a black man, he begins to question whether all his success has brought too much cultural assimilation for his family. With the help of his father (special guest star Laurence Fishburne), Dre begins to try to create a sense of ethnic identity for the members of his family that will allow them to honour their background while preparing them to embrace the future.",https://www.springfieldspringfield.co.uk/view_episode_scripts.php?tv-show=black-ish-2014&episode=s01e01,5,118,abc,still airing,,11.04,8.49,5.36,6.42,TBD
The Office,2005,89,8.8,success,"This US adaptation, set at a paper company in Scranton, Pa., has a similar documentary style to that of the Ricky Gervais-led British original. It features the staff of Dunder-Mifflin, a staff that includes characters based on characters from the British show (and, quite possibly, people you work with in your office). There's Jim, the likable employee who's a bit of an everyman. Jim has a thing for receptionist-turned-sales rep Pam (because office romances are always a good idea). There's also Dwight, the successful co-worker who lacks social skills and common sense. And there's Ryan, who has held many jobs at the company.",https://www.springfieldspringfield.co.uk/view_episode_scripts.php?tv-show=the-office-us&episode=s01e01,9,201,nbc,spinoff of UK show,steve carrell,11.2,5.4,4.8,7.42,5.69
Fresh Off the Boat,2015,94,7.8,success,"Based on chef Eddie Huang's best-selling memoir of the same name, ""Fresh Off the Boat"" takes a humorous look at the lives of immigrants in America. In the 1990s, Eddie, a hip-hop-loving 11-year-old, relocates with his parents and two brothers to suburban Orlando from the Chinatown section of Washington, D.C. As Eddie's dad, Louis, pursues the American dream by opening a Western-themed restaurant named Cattleman's Ranch Steakhouse, Eddie and the rest of the family try to acclimate to their new, strange surroundings.",https://www.springfieldspringfield.co.uk/view_episode_scripts.php?tv-show=fresh-off-the-boat-2015&episode=s01e01,5,101,abc,still airing,,7.94,6.99,5.08,5.1,TBD
Brooklyn Nine-Nine,2013,97,8.4,success,"Detective Jake Peralta, a talented and carefree cop with the best arrest record, has never had to follow the rules too closely or work very hard. That changes when Ray Holt, a man with a lot to prove, becomes the new commanding officer of Brooklyn's 99th precinct. As Holt reminds Peralta to respect the badge, an extremely competitive colleague - Detective Amy Santiago - starts to close in on the hotshot cop's arrest record. Other members of the precinct include Sgt Terry Jeffords, a devoted family man, Detective Charles Boyle, a hard worker who idolizes Jake, and Rosa Diaz, a sexy-yet-intimidating detective. Civilian office manager Gina Linetti is tasked with cleaning up everyone's mess, while somehow getting involved in everyone's business.",https://www.springfieldspringfield.co.uk/view_episode_scripts.php?tv-show=brooklyn-nine-nine&episode=s01e01,6,130,fox,"still airing, eventually moved to nbc",andy sandberg,6.17,4.8,2.59,3.72,TBD
Everybody Hates Chris,2005,95,7.4,success,"This sitcom chronicles the misadventures of teenager Chris as he grows up in 1980s Brooklyn. Chris is surrounded by eccentric family members, including frugal father Julius, intimidating mother Rochelle, spoiled sister Tonya and younger brother Drew, who is more popular than Chris. The show is based on the life of comedian Chris Rock, who serves as the narrator for the show and is also an executive producer.",https://www.springfieldspringfield.co.uk/view_episode_scripts.php?tv-show=everybody-hates-chris&episode=s01e01,4,88,cw,chris rock canceled it himself,chris rock,7.8,4.3,3.33,2.75,1.7
It's Always Sunny in Philadelphia,2005,96,8.8,success,"Depraved underachieving might look easy, but for the egocentric Mac, Charlie, Dennis, Frank and Dee, it's an art form. ""It's Always Sunny in Philadelphia"" follows ""The Gang,"" the owners of the unsuccessful Paddy's Pub; a group of degenerates who loves nothing more than to scheme, conspire, and mostly revel in each other's misery. Whether gaming the welfare system, exploiting dumpster babies, pretending to be crippled, impersonating officers, or faking funerals, The Gang never stoops too low in the name of making a buck.",https://www.springfieldspringfield.co.uk/view_episode_scripts.php?tv-show=its-always-sunny-in-philadelphia&episode=s01e01,13,144,fx,still airing,danny devito,,,4.1,,TBD
Archer,2009,90,8.6,success,"Archer is an American adult animated sitcom created by Adam Reed for the basic cable network FX. It follows the exploits of the title character (voiced by H. Jon Benjamin), a dysfunctional, irreverent secret agent and seven of his colleaguesâ€”domineering boss/mother Malory Archer (Jessica Walter), professional Lana Kane (Aisha Tyler), mild-mannered Cyril Figgis (Chris Parnell), delusional, psychotic Cheryl Tunt (Judy Greer), gossipy Pam Poovey (Amber Nash), openly gay Ray Gillette (Adam Reed) and bizarre, mysterious Dr. Algernop Krieger (Lucky Yates). ",https://www.springfieldspringfield.co.uk/view_episode_scripts.php?tv-show=archer&episode=s01e01,10,110,fx,,,0.91,0.96,0.76,,TBD
Crazy Ex-Girlfriend,2015,98,7.7,success,"Successful and driven, Rebecca Bunch seemingly has it all -- an upscale apartment in Manhattan and a partnership at a prestigious law firm -- but she feels like something is missing. After a chance meeting with a former romantic interest, Rebecca impulsively decides to give up her life in New York and relocate to West Covina, Calif., a Los Angeles suburb she hopes will be the perfect home base as she embarks on a quest for love, adventure and true happiness. Star Rachel Bloom also serves as an executive producer.",https://www.springfieldspringfield.co.uk/view_episode_scripts.php?tv-show=crazy-ex-girlfriend-2015&episode=s01e01,4,62,cw,musical,,0.9,1.03,0.82,0.86,TBD
Atlanta,2016,97,8.6,success,"Atlanta is one of the top cities for young rappers looking to make a name for themselves in the business. Among those up-and-comers is Alfred Miles, a hot new artist who is trying to understand the line between real life and street life. He is managed by his cousin, Earn, who gets caught up in the local rap scene and his cousin's career after returning home to the ATL. Earn does whatever he can to try to get Alfred's career to the next level. Darius, the rapper's right-hand man and visionary, is also in Alfred's entourage. When Earn isn't busy managing his cousin's career, he spends much of his time with best friend Vanessa, who is also the mother of his daughter.",https://www.springfieldspringfield.co.uk/view_episode_scripts.php?tv-show=atlanta-2016&episode=s01e01,2,21,fx,still airing,donald glover,1.08,,0.786,,TBD
The Goldbergs,2013,86,8.1,success,"In the 1980s, geeky 11-year-old Adam uses a video camera to document his family's crazy life. His mother, Beverly, is overprotective and lacks boundaries, while his dad has a hot temper and finds it difficult to parent without screaming. Rounding out the clan are Adam's terrifying sister, Erica, 17; his older brother, Barry, who has middle-child syndrome; and the family's beloved grandfather, Al `Pops' Solomon. Pops is responsible for wild antics, including offering drinks to Barry and teaching Adam about the ways of love - which create more chaos in an already high-strung family.",https://www.springfieldspringfield.co.uk/view_episode_scripts.php?tv-show=the-goldbergs&episode=s01e01,7,141,abc,still airing,,8.94,6.2,4.26,7.08,TBD
Friends,1994,78,8.9,success,"Three young men and three young women -- of the BFF kind -- live in the same apartment complex and face life and love in New York. They're not above sticking their noses into one another's business and swapping romantic partners, which always leads to the kind of hilarity average people will never experience -- especially during breakups.",https://www.springfieldspringfield.co.uk/view_episode_scripts.php?tv-show=friends&episode=s01e01,10,236,nbc,,,22,24.3,31.3,23.61,52.5
Seinfeld,1989,88,8.8,success,"Four single friends -- comic Jerry Seinfeld, bungling George Costanza, frustrated working gal Elaine Benes and eccentric neighbor Cosmo Kramer -- deal with the absurdities of everyday life in New York City.",https://www.springfieldspringfield.co.uk/view_episode_scripts.php?tv-show=seinfeld&episode=s01e01,9,180,nbc,,,15.4,19.26,19.4,26.6,76
The Simpsons,1989,85,8.7,success,"This long-running animated comedy focuses on the eponymous family in the town of Springfield in an unnamed U.S. state. The head of the Simpson family, Homer, is not a typical family man. A nuclear-plant employee, he does his best to lead his family but often finds that they are leading him. The family includes loving, blue-haired matriarch Marge, troublemaking son Bart, overachieving daughter Lisa and baby Maggie. Other Springfield residents include the family's religious neighbour, Ned Flanders, family physician Dr Hibbert, Moe the bartender and police chief Clancy Wiggum.",https://www.springfieldspringfield.co.uk/view_episode_scripts.php?tv-show=the-simpsons&episode=s01e01,30,662,fox,"still airing, longest running american sitcom",,26.7,27.8,27.1,11.64,TBD